-- phpMyAdmin SQL Dump
-- version 5.2.1
-- https://www.phpmyadmin.net/
--
-- Host: 127.0.0.1
-- Generation Time: Oct 15, 2023 at 10:17 AM
-- Server version: 10.4.28-MariaDB
-- PHP Version: 8.2.4

SET SQL_MODE = "NO_AUTO_VALUE_ON_ZERO";
START TRANSACTION;
SET time_zone = "+00:00";


/*!40101 SET @OLD_CHARACTER_SET_CLIENT=@@CHARACTER_SET_CLIENT */;
/*!40101 SET @OLD_CHARACTER_SET_RESULTS=@@CHARACTER_SET_RESULTS */;
/*!40101 SET @OLD_COLLATION_CONNECTION=@@COLLATION_CONNECTION */;
/*!40101 SET NAMES utf8mb4 */;

--
-- Database: `stock`
--

-- --------------------------------------------------------

--
-- Table structure for table `brands`
--

CREATE TABLE `brands` (
  `brand_id` int(11) NOT NULL,
  `brand_name` varchar(255) NOT NULL,
  `brand_active` int(11) NOT NULL DEFAULT 0,
  `brand_status` int(11) NOT NULL DEFAULT 0
) ENGINE=InnoDB DEFAULT CHARSET=latin1 COLLATE=latin1_swedish_ci;

--
-- Dumping data for table `brands`
--

INSERT INTO `brands` (`brand_id`, `brand_name`, `brand_active`, `brand_status`) VALUES
(15, 'Judge', 1, 1),
(16, 'GNARLY', 1, 1),
(17, 'Puma', 1, 1),
(18, 'Nike', 1, 1);

-- --------------------------------------------------------

--
-- Table structure for table `categories`
--

CREATE TABLE `categories` (
  `categories_id` int(11) NOT NULL,
  `categories_name` varchar(255) NOT NULL,
  `categories_active` int(11) NOT NULL DEFAULT 0,
  `categories_status` int(11) NOT NULL DEFAULT 0
) ENGINE=InnoDB DEFAULT CHARSET=latin1 COLLATE=latin1_swedish_ci;

--
-- Dumping data for table `categories`
--

INSERT INTO `categories` (`categories_id`, `categories_name`, `categories_active`, `categories_status`) VALUES
(9, 'T-shirt', 1, 1),
(10, 'Hoddie', 1, 1),
(11, 'Jersey', 1, 1),
(12, 'Jogging Pants', 1, 1);

-- --------------------------------------------------------

--
-- Table structure for table `orders`
--

CREATE TABLE `orders` (
  `order_id` int(11) NOT NULL,
  `order_date` date NOT NULL,
  `client_name` varchar(255) NOT NULL,
  `client_contact` varchar(255) NOT NULL,
  `sub_total` varchar(255) NOT NULL,
  `vat` varchar(255) NOT NULL,
  `total_amount` varchar(255) NOT NULL,
  `discount` varchar(255) NOT NULL,
  `grand_total` varchar(255) NOT NULL,
  `paid` varchar(255) NOT NULL,
  `due` varchar(255) NOT NULL,
  `payment_type` int(11) NOT NULL,
  `payment_status` int(11) NOT NULL,
  `order_status` int(11) NOT NULL DEFAULT 0
) ENGINE=InnoDB DEFAULT CHARSET=latin1 COLLATE=latin1_swedish_ci;

--
-- Dumping data for table `orders`
--

INSERT INTO `orders` (`order_id`, `order_date`, `client_name`, `client_contact`, `sub_total`, `vat`, `total_amount`, `discount`, `grand_total`, `paid`, `due`, `payment_type`, `payment_status`, `order_status`) VALUES
(9, '2023-10-16', 'Josh Smith', '+982465738291', '230.00', '29.90', '259.90', '0', '259.90', '259.90', '0.00', 2, 1, 1),
(10, '2023-10-23', 'Micheal Luck', '+897634251678', '786.00', '102.18', '888.18', '12', '876.18', '888.18', '-12.00', 2, 2, 1),
(11, '2023-10-26', 'Angel Baker', '+678098765435', '590.00', '76.70', '666.70', '0', '666.70', '666.70', '0.00', 2, 3, 1);

-- --------------------------------------------------------

--
-- Table structure for table `order_item`
--

CREATE TABLE `order_item` (
  `order_item_id` int(11) NOT NULL,
  `order_id` int(11) NOT NULL DEFAULT 0,
  `product_id` int(11) NOT NULL DEFAULT 0,
  `quantity` varchar(255) NOT NULL,
  `rate` varchar(255) NOT NULL,
  `total` varchar(255) NOT NULL,
  `order_item_status` int(11) NOT NULL DEFAULT 0
) ENGINE=InnoDB DEFAULT CHARSET=latin1 COLLATE=latin1_swedish_ci;

--
-- Dumping data for table `order_item`
--

INSERT INTO `order_item` (`order_item_id`, `order_id`, `product_id`, `quantity`, `rate`, `total`, `order_item_status`) VALUES
(9, 5, 8, '1', '1200', '1200.00', 2),
(10, 6, 9, '1', '4.5', '4.50', 2),
(11, 6, 9, '1', '4.5', '4.50', 2),
(12, 6, 9, '1', '4.5', '4.50', 2),
(13, 7, 9, '8', '4.5', '4.50', 2),
(14, 7, 9, '1', '4.5', '4.50', 2),
(15, 8, 10, '2', '400', '400.00', 2),
(16, 9, 13, '1', '230', '230.00', 1),
(17, 10, 11, '1', '356', '356.00', 1),
(18, 10, 12, '1', '430', '430.00', 1),
(19, 11, 10, '1', '400', '400.00', 1),
(20, 11, 14, '1', '190', '190.00', 1);

-- --------------------------------------------------------

--
-- Table structure for table `product`
--

CREATE TABLE `product` (
  `product_id` int(11) NOT NULL,
  `product_name` varchar(255) NOT NULL,
  `product_image` text NOT NULL,
  `brand_id` int(11) NOT NULL,
  `categories_id` int(11) NOT NULL,
  `quantity` varchar(255) NOT NULL,
  `rate` varchar(255) NOT NULL,
  `active` int(11) NOT NULL DEFAULT 0,
  `status` int(11) NOT NULL DEFAULT 0
) ENGINE=InnoDB DEFAULT CHARSET=latin1 COLLATE=latin1_swedish_ci;

--
-- Dumping data for table `product`
--

INSERT INTO `product` (`product_id`, `product_name`, `product_image`, `brand_id`, `categories_id`, `quantity`, `rate`, `active`, `status`) VALUES
(1, 'Half pant', '../assests/images/stock/2847957892502c7200.jpg', 1, 2, '19', '1500', 2, 2),
(2, 'T-Shirt', '../assests/images/stock/163965789252551575.jpg', 2, 2, '9', '1200', 2, 2),
(3, 'Half Pant', '../assests/images/stock/13274578927924974b.jpg', 5, 3, '18', '1200', 2, 2),
(4, 'T-Shirt', '../assests/images/stock/12299578927ace94c5.jpg', 6, 3, '29', '1000', 2, 2),
(5, 'Half Pant', '../assests/images/stock/24937578929c13532e.jpg', 8, 5, '17', '1200', 2, 2),
(6, 'Polo T-Shirt', '../assests/images/stock/10222578929f733dbf.jpg', 9, 5, '29', '1200', 2, 2),
(7, 'Half Pant', '../assests/images/stock/1770257893463579bf.jpg', 11, 7, '28', '1200', 2, 2),
(8, 'Polo T-shirt', '../assests/images/stock/136715789347d1aea6.jpg', 12, 7, '9', '1200', 2, 2),
(9, 'Bench', '../assests/images/stock/1372032947652b84a388360.png', 14, 7, '100', '4.5', 2, 2),
(10, 'I LOVE', '../assests/images/stock/1950011906652b8a1af02fd.jpg', 15, 9, '9', '400', 1, 1),
(11, 'Quote', '../assests/images/stock/1923116185652b9b83e89de.jpg', 17, 10, '19', '356', 1, 1),
(12, 'Sports', '../assests/images/stock/166270845652b9bd7df2c4.jpg', 16, 11, '11', '430', 1, 1),
(13, 'Golden State', '../assests/images/stock/24713286652b9c707f55d.jpg', 16, 11, '11', '230', 1, 1),
(14, 'Black Pyramid', '../assests/images/stock/1908761879652b9cd28ce83.jpg', 17, 12, '1', '190', 1, 1);

-- --------------------------------------------------------

--
-- Table structure for table `users`
--

CREATE TABLE `users` (
  `user_id` int(11) NOT NULL,
  `username` varchar(255) NOT NULL,
  `password` varchar(255) NOT NULL,
  `email` varchar(255) NOT NULL
) ENGINE=InnoDB DEFAULT CHARSET=latin1 COLLATE=latin1_swedish_ci;

--
-- Dumping data for table `users`
--

INSERT INTO `users` (`user_id`, `username`, `password`, `email`) VALUES
(1, 'admin', '5f4dcc3b5aa765d61d8327deb882cf99', ''),
(2, 'group1', 'group1', '');

--
-- Indexes for dumped tables
--

--
-- Indexes for table `brands`
--
ALTER TABLE `brands`
  ADD PRIMARY KEY (`brand_id`);

--
-- Indexes for table `categories`
--
ALTER TABLE `categories`
  ADD PRIMARY KEY (`categories_id`);

--
-- Indexes for table `orders`
--
ALTER TABLE `orders`
  ADD PRIMARY KEY (`order_id`);

--
-- Indexes for table `order_item`
--
ALTER TABLE `order_item`
  ADD PRIMARY KEY (`order_item_id`);

--
-- Indexes for table `product`
--
ALTER TABLE `product`
  ADD PRIMARY KEY (`product_id`);

--
-- Indexes for table `users`
--
ALTER TABLE `users`
  ADD PRIMARY KEY (`user_id`);

--
-- AUTO_INCREMENT for dumped tables
--

--
-- AUTO_INCREMENT for table `brands`
--
ALTER TABLE `brands`
  MODIFY `brand_id` int(11) NOT NULL AUTO_INCREMENT, AUTO_INCREMENT=19;

--
-- AUTO_INCREMENT for table `categories`
--
ALTER TABLE `categories`
  MODIFY `categories_id` int(11) NOT NULL AUTO_INCREMENT, AUTO_INCREMENT=13;

--
-- AUTO_INCREMENT for table `orders`
--
ALTER TABLE `orders`
  MODIFY `order_id` int(11) NOT NULL AUTO_INCREMENT, AUTO_INCREMENT=12;

--
-- AUTO_INCREMENT for table `order_item`
--
ALTER TABLE `order_item`
  MODIFY `order_item_id` int(11) NOT NULL AUTO_INCREMENT, AUTO_INCREMENT=21;

--
-- AUTO_INCREMENT for table `product`
--
ALTER TABLE `product`
  MODIFY `product_id` int(11) NOT NULL AUTO_INCREMENT, AUTO_INCREMENT=15;

--
-- AUTO_INCREMENT for table `users`
--
ALTER TABLE `users`
  MODIFY `user_id` int(11) NOT NULL AUTO_INCREMENT, AUTO_INCREMENT=3;
COMMIT;

/*!40101 SET CHARACTER_SET_CLIENT=@OLD_CHARACTER_SET_CLIENT */;
/*!40101 SET CHARACTER_SET_RESULTS=@OLD_CHARACTER_SET_RESULTS */;
/*!40101 SET COLLATION_CONNECTION=@OLD_COLLATION_CONNECTION */;
